Image,caption,style
anime/1b8f1e8a4db822c368fc41012f6ce367.png,anime girl with long braid hair wearing a pink hat,anime
anime/048765f585db150ddbb59dd11977910f.png,there is a picture of a room with a bunch of people,anime
anime/1e87dfeb2681268e575ce5700753af83.png,anime girl with black hair holding a kite in a city,anime
anime/038e5747e9be3834e595477ad5aa815a.png,anime girl with pink hair and blue dress sitting on the ground,anime
anime/1dce69ac4c2b633e9d75f25b8e914ca1.png,anime girl sitting on the ground with a camera in her hand,anime
anime/1b49dab606636de5a318d37947896d50.png,anime girl leaning on a car with a surfboard on the roof,anime
anime/1e3bbb41ae436f79bbf6153fc4f9d1af.png,anime girl in a blue dress standing in a garden,anime
anime/1b72edfa544bc29f119fefe7cd9239e0.png,there is a picture of a space station flying through the sky,anime
anime/1e6013f1505ecc45d0f5a524ab4ed2d2.png,anime girl sitting on a stair with a halo above her head,anime
anime/1e0aec79b9ef4657b3798b690d081277.png,anime scene of a cat sitting on a window sill looking out at a road,anime
anime/1e1f4adba95df3de14dfba9f5f63e17b.png,anime girls with guns standing in front of a clock tower,anime
anime/1af1ec895708645798fad07cce80b8ea.png,painting of a man sitting on a staircase in a building,anime
anime/1da7bb5f9cea611931e2f9eda49fea6f.png,anime image of a couple sitting on a bench next to a boat,anime
anime/1b0c269836971f5725492f939cad3abb.png,anime girl with pink hair holding a rifle and a gun,anime
anime/1b3e0fb5611bd90d1b93aad4437afce8.png,anime girl with pink hair and blue eyes laying on a bed,anime
anime/057fe01ff6bbb47ee34ebaa212727b3a.png,fireworks over a city with a river and a bridge,anime
anime/0360b71a17edaa3c1ebf4805c179f56d.png,anime girl with black hair and blue eyes brushing her teeth,anime
anime/034d9c4f2f215070179c8c6e00483521.png,anime girl in a school uniform standing on a sidewalk,anime
anime/06b16314f34fdf0fa7a56fbf052ce16e.png,there is a picture of a house with a sky background,anime
anime/1b0c2efe98d93b9853fcfcd0a13497b2.png,painting of a woman walking down a sidewalk with a backpack,anime
anime/1d9df39edd80ffae2efbd463540e604d.png,anime girl in green dress standing on a rail with flowers,anime
anime/1e717b49172fed6250c2a1d6e3354e9f.png,anime - style drawing of two girls hugging each other,anime
anime/1ada1ccc896567375109a19905cd9597.png,anime girl with a sword standing on a balcony overlooking a city,anime
anime/037a48091399c34f5bc44d3efdaf35ab.png,anime girl with blue eyes holding a pink phone in front of a tree,anime
anime/1d9f3f469bac839ce38395cc849ee21c.png,anime scene of a city with a giant blue planet in the sky,anime
anime/1a67056d94429595cc3126637329e44a.png,anime girl with long hair and a bow tie holding a purse,anime
anime/033f6e3220c9d34c7d6c17f3e6e20959.png,anime girl with long hair and a dress holding a bouquet,anime
anime/034b41e0cbfe8621caee269de75b700f.png,anime - style image of a street scene with a cafe and a restaurant sign,anime
anime/1a75e3f3235ed5ce832c4ef6c045c477.png,anime girl with a cat and a dog in a dress,anime
anime/040832ecd0a5eb00c87f047e831d26b1.png,anime girl in a sailor suit holding a roll of paper,anime
